{"options":{"awareOfChrome":false,"check_for_updates":true,"comment":null,"compat_arrayleft":false,"compat_foreach":false,"compat_forvarin":false,"compat_metadata":false,"compat_uW_gmonkey":false,"compat_wrappedjsobject":false,"compatopts_for_requires":true,"noframes":null,"override":{"merge_connects":true,"merge_excludes":true,"merge_includes":true,"merge_matches":true,"orig_excludes":[],"orig_includes":[],"orig_matches":["http://blog.csdn.net/*/article/details/*","https://blog.csdn.net/*/article/details/*"],"orig_noframes":null,"orig_run_at":"document-end","use_blockers":[],"use_connects":[],"use_excludes":[],"use_includes":[],"use_matches":[]},"run_at":null},"settings":{"enabled":true,"position":6},"meta":{"name":"CSDN 直接阅读全文","uuid":"8228052e-bbe7-405e-9e88-94ef5ac6f8a4","modified":1535533662264,"file_url":"https://greasyfork.org/scripts/371590-csdn-%E7%9B%B4%E6%8E%A5%E9%98%85%E8%AF%BB%E5%85%A8%E6%96%87/code/CSDN%20%E7%9B%B4%E6%8E%A5%E9%98%85%E8%AF%BB%E5%85%A8%E6%96%87.user.js"}}