{"options":{"check_for_updates":true,"comment":null,"compatopts_for_requires":true,"compat_wrappedjsobject":false,"compat_metadata":false,"compat_foreach":false,"compat_prototypes":false,"noframes":null,"run_at":null,"override":{"use_includes":[],"orig_includes":["http://www.google.*","https://www.google.*","https://encrypted.google.*"],"merge_includes":true,"use_matches":[],"orig_matches":[],"merge_matches":true,"use_excludes":[],"orig_excludes":[],"merge_excludes":true,"use_connects":[],"merge_connects":true,"use_blockers":[],"orig_run_at":"document-start","orig_noframes":true,"orig_connects":[]}},"settings":{"enabled":true,"position":7},"meta":{"name":"Endless Google","uuid":"206856fb-8d95-4856-82c8-babf522c4788","modified":1618726239603,"file_url":"https://openuserjs.org/install/tumpio/Endless_Google.user.js"}}