{"options":{"awareOfChrome":false,"check_for_updates":true,"comment":null,"compat_arrayleft":false,"compat_foreach":false,"compat_forvarin":false,"compat_metadata":false,"compat_uW_gmonkey":false,"compat_wrappedjsobject":false,"compatopts_for_requires":true,"noframes":null,"override":{"merge_connects":true,"merge_excludes":true,"merge_includes":true,"merge_matches":true,"orig_excludes":[],"orig_includes":["http://*.zhihu.com/*","https://*.zhihu.com/*"],"orig_matches":["http://*.zhihu.com/*","https://*.zhihu.com/*"],"orig_noframes":null,"orig_run_at":"document-start","use_blockers":[],"use_connects":[],"use_excludes":[],"use_includes":[],"use_matches":[]},"run_at":null},"settings":{"enabled":true,"position":4},"meta":{"name":"知乎免登录","uuid":"8263918e-56de-4f00-b11d-522adb51380c","modified":1535533545634,"file_url":"https://greasyfork.org/scripts/25885-%E7%9F%A5%E4%B9%8E%E5%85%8D%E7%99%BB%E5%BD%95/code/%E7%9F%A5%E4%B9%8E%E5%85%8D%E7%99%BB%E5%BD%95.user.js"}}