{"options":{"awareOfChrome":false,"check_for_updates":true,"comment":null,"compat_arrayleft":false,"compat_foreach":false,"compat_forvarin":false,"compat_metadata":false,"compat_uW_gmonkey":false,"compat_wrappedjsobject":false,"compatopts_for_requires":true,"noframes":null,"override":{"merge_connects":true,"merge_excludes":true,"merge_includes":true,"merge_matches":true,"orig_connects":[],"orig_excludes":[],"orig_includes":["https://www.google.com.hk/*","http://www.google.com.hk/*","https://ipv6.google.com.hk/*","http://ipv6.google.com.hk/*","http://www.google.com/*","https://www.google.com/*","http://ipv4.google.com/*","https://ipv4.google.com/*","http://ipv6.google.com/*","https://ipv6.google.com/*","http://www.baidu.com/*","https://www.baidu.com/*"],"orig_matches":[],"orig_noframes":null,"orig_run_at":"document-idle","use_blockers":[],"use_connects":[],"use_excludes":[],"use_includes":[],"use_matches":[]},"run_at":null},"settings":{"enabled":true,"position":1},"meta":{"name":"谷歌百度搜索（集合）","uuid":"94bcd36c-322f-4e3f-ba53-185e6ba2e75e","modified":1574412438262,"file_url":"https://greasyfork.org/scripts/4923-%E8%B0%B7%E6%AD%8C%E7%99%BE%E5%BA%A6%E6%90%9C%E7%B4%A2-%E9%9B%86%E5%90%88/code/%E8%B0%B7%E6%AD%8C%E7%99%BE%E5%BA%A6%E6%90%9C%E7%B4%A2%EF%BC%88%E9%9B%86%E5%90%88%EF%BC%89.user.js"}}